work_code,head,activity,drishti_category,pre_status,mid_status,post_status,source_url,retrieved_at
P18296000090-11264,EPA Activities,Borewell and Hand Pump,OM,Yet to Moderate,Not Submitted,Not Submitted,https://wdcpmksy.dolr.gov.in/getProjDtlAssetGeoData?projid=90&stname=ASSAM&distname=MARIGAON&projname=MARIGAON-WDC+-+1+%2F2021-22,2026-09-28T10:25:58.625468+00:00
P18296000090-11265,EPA Activities,Borewell and Hand Pump,OM,Accepted,Not Submitted,Not Submitted,https://wdcpmksy.dolr.gov.in/getProjDtlAssetGeoData?projid=90&stname=ASSAM&distname=MARIGAON&projname=MARIGAON-WDC+-+1+%2F2021-22,2026-09-28T10:25:58.625468+00:00
P18296000090-11266,EPA Activities,Borewell and Hand Pump,OM,Accepted,Not Submitted,Not Submitted,https://wdcpmksy.dolr.gov.in/getProjDtlAssetGeoData?projid=90&stname=ASSAM&distname=MARIGAON&projname=MARIGAON-WDC+-+1+%2F2021-22,2026-09-28T10:25:58.625468+00:00
P18296000090-11267,EPA Activities,Borewell and Hand Pump,OM,Accepted,Not Submitted,Not Submitted,https://wdcpmksy.dolr.gov.in/getProjDtlAssetGeoData?projid=90&stname=ASSAM&distname=MARIGAON&projname=MARIGAON-WDC+-+1+%2F2021-22,2026-09-28T10:25:58.625468+00:00
P18296000090-11268,EPA Activities,Borewell and Hand Pump,OM,Accepted,Not Submitted,Not Submitted,https://wdcpmksy.dolr.gov.in/getProjDtlAssetGeoData?projid=90&stname=ASSAM&distname=MARIGAON&projname=MARIGAON-WDC+-+1+%2F2021-22,2026-09-28T10:25:58.625468+00:00
P18296000090-11270,EPA Activities,Rural Infrastructure,OM,Yet to Moderate,Not Submitted,Not Submitted,https://wdcpmksy.dolr.gov.in/getProjDtlAssetGeoData?projid=90&stname=ASSAM&distname=MARIGAON&projname=MARIGAON-WDC+-+1+%2F2021-22,2026-09-28T10:25:58.625468+00:00
P18296000090-11271,EPA Activities,Rural Infrastructure,OM,Accepted,Not Submitted,Not Submitted,https://wdcpmksy.dolr.gov.in/getProjDtlAssetGeoData?projid=90&stname=ASSAM&distname=MARIGAON&projname=MARIGAON-WDC+-+1+%2F2021-22,2026-09-28T10:25:58.625468+00:00
P18296000090-11272,EPA Activities,Rural Infrastructure,OM,Accepted,Not Submitted,Not Submitted,https://wdcpmksy.dolr.gov.in/getProjDtlAssetGeoData?projid=90&stname=ASSAM&distname=MARIGAON&projname=MARIGAON-WDC+-+1+%2F2021-22,2026-09-28T10:25:58.625468+00:00
P18296000090-11273,EPA Activities,Rural Infrastructure,OM,Accepted,Not Submitted,Not Submitted,https://wdcpmksy.dolr.gov.in/getProjDtlAssetGeoData?projid=90&stname=ASSAM&distname=MARIGAON&projname=MARIGAON-WDC+-+1+%2F2021-22,2026-09-28T10:25:58.625468+00:00
P18296000090-11274,EPA Activities,Rural Infrastructure,OM,Accepted,Not Submitted,Not Submitted,https://wdcpmksy.dolr.gov.in/getProjDtlAssetGeoData?projid=90&stname=ASSAM&distname=MARIGAON&projname=MARIGAON-WDC+-+1+%2F2021-22,2026-09-28T10:25:58.625468+00:00
P18296000090-40210,Livelihood Activities,Bee Keeping,LH,Yet to Moderate,Not Submitted,Not Submitted,https://wdcpmksy.dolr.gov.in/getProjDtlAssetGeoData?projid=90&stname=ASSAM&distname=MARIGAON&projname=MARIGAON-WDC+-+1+%2F2021-22,2026-09-28T10:25:58.625468+00:00
P18296000090-40211,Livelihood Activities,Bee Keeping,LH,Yet to Moderate,Not Submitted,Not Submitted,https://wdcpmksy.dolr.gov.in/getProjDtlAssetGeoData?projid=90&stname=ASSAM&distname=MARIGAON&projname=MARIGAON-WDC+-+1+%2F2021-22,2026-09-28T10:25:58.625468+00:00
P18296000090-40212,Livelihood Activities,Bee Keeping,LH,Accepted,Not Submitted,Not Submitted,https://wdcpmksy.dolr.gov.in/getProjDtlAssetGeoData?projid=90&stname=ASSAM&distname=MARIGAON&projname=MARIGAON-WDC+-+1+%2F2021-22,2026-09-28T10:25:58.625468+00:00
P18296000090-40213,Livelihood Activities,Bee Keeping,LH,Yet to Moderate,Not Submitted,Not Submitted,https://wdcpmksy.dolr.gov.in/getProjDtlAssetGeoData?projid=90&stname=ASSAM&distname=MARIGAON&projname=MARIGAON-WDC+-+1+%2F2021-22,2026-09-28T10:25:58.625468+00:00
P18296000090-40214,Livelihood Activities,Bee Keeping,LH,Accepted,Not Submitted,Not Submitted,https://wdcpmksy.dolr.gov.in/getProjDtlAssetGeoData?projid=90&stname=ASSAM&distname=MARIGAON&projname=MARIGAON-WDC+-+1+%2F2021-22,2026-09-28T10:25:58.625468+00:00
P18296000090-40215,Livelihood Activities,Bee Keeping,LH,Yet to Moderate,Not Submitted,Not Submitted,https://wdcpmksy.dolr.gov.in/getProjDtlAssetGeoData?projid=90&stname=ASSAM&distname=MARIGAON&projname=MARIGAON-WDC+-+1+%2F2021-22,2026-09-28T10:25:58.625468+00:00
P18296000090-40216,Livelihood Activities,Bee Keeping,LH,Yet to Moderate,Not Submitted,Not Submitted,https://wdcpmksy.dolr.gov.in/getProjDtlAssetGeoData?projid=90&stname=ASSAM&distname=MARIGAON&projname=MARIGAON-WDC+-+1+%2F2021-22,2026-09-28T10:25:58.625468+00:00
P18296000090-40217,Livelihood Activities,Bee Keeping,LH,Yet to Moderate,Not Submitted,Not Submitted,https://wdcpmksy.dolr.gov.in/getProjDtlAssetGeoData?projid=90&stname=ASSAM&distname=MARIGAON&projname=MARIGAON-WDC+-+1+%2F2021-22,2026-09-28T10:25:58.625468+00:00
P18296000090-40218,Livelihood Activities,Bee Keeping,LH,Yet to Moderate,Not Submitted,Not Submitted,https://wdcpmksy.dolr.gov.in/getProjDtlAssetGeoData?projid=90&stname=ASSAM&distname=MARIGAON&projname=MARIGAON-WDC+-+1+%2F2021-22,2026-09-28T10:25:58.625468+00:00
P18296000090-40219,Livelihood Activities,Bee Keeping,LH,Yet to Moderate,Not Submitted,Not Submitted,https://wdcpmksy.dolr.gov.in/getProjDtlAssetGeoData?projid=90&stname=ASSAM&distname=MARIGAON&projname=MARIGAON-WDC+-+1+%2F2021-22,2026-09-28T10:25:58.625468+00:00
P18296000090-40220,Livelihood Activities,Bee Keeping,LH,Yet to Moderate,Not Submitted,Not Submitted,https://wdcpmksy.dolr.gov.in/getProjDtlAssetGeoData?projid=90&stname=ASSAM&distname=MARIGAON&projname=MARIGAON-WDC+-+1+%2F2021-22,2026-09-28T10:25:58.625468+00:00
P18296000090-40221,Livelihood Activities,Bee Keeping,LH,Yet to Moderate,Not Submitted,Not Submitted,https://wdcpmksy.dolr.gov.in/getProjDtlAssetGeoData?projid=90&stname=ASSAM&distname=MARIGAON&projname=MARIGAON-WDC+-+1+%2F2021-22,2026-09-28T10:25:58.625468+00:00
P18296000090-40222,Livelihood Activities,Bee Keeping,LH,Yet to Moderate,Not Submitted,Not Submitted,https://wdcpmksy.dolr.gov.in/getProjDtlAssetGeoData?projid=90&stname=ASSAM&distname=MARIGAON&projname=MARIGAON-WDC+-+1+%2F2021-22,2026-09-28T10:25:58.625468+00:00
P18296000090-40223,Livelihood Activities,Bee Keeping,LH,Accepted,Not Submitted,Not Submitted,https://wdcpmksy.dolr.gov.in/getProjDtlAssetGeoData?projid=90&stname=ASSAM&distname=MARIGAON&projname=MARIGAON-WDC+-+1+%2F2021-22,2026-09-28T10:25:58.625468+00:00
P18296000090-40224,Livelihood Activities,Bee Keeping,LH,Yet to Moderate,Not Submitted,Not Submitted,https://wdcpmksy.dolr.gov.in/getProjDtlAssetGeoData?projid=90&stname=ASSAM&distname=MARIGAON&projname=MARIGAON-WDC+-+1+%2F2021-22,2026-09-28T10:25:58.625468+00:00
P18296000090-40225,Livelihood Activities,Bee Keeping,LH,Yet to Moderate,Not Submitted,Not Submitted,https://wdcpmksy.dolr.gov.in/getProjDtlAssetGeoData?projid=90&stname=ASSAM&distname=MARIGAON&projname=MARIGAON-WDC+-+1+%2F2021-22,2026-09-28T10:25:58.625468+00:00
P18296000090-40226,Livelihood Activities,Bee Keeping,LH,Yet to Moderate,Not Submitted,Not Submitted,https://wdcpmksy.dolr.gov.in/getProjDtlAssetGeoData?projid=90&stname=ASSAM&distname=MARIGAON&projname=MARIGAON-WDC+-+1+%2F2021-22,2026-09-28T10:25:58.625468+00:00
P18296000090-40227,Livelihood Activities,Bee Keeping,LH,Yet to Moderate,Not Submitted,Not Submitted,https://wdcpmksy.dolr.gov.in/getProjDtlAssetGeoData?projid=90&stname=ASSAM&distname=MARIGAON&projname=MARIGAON-WDC+-+1+%2F2021-22,2026-09-28T10:25:58.625468+00:00
P18296000090-40228,Livelihood Activities,Bee Keeping,LH,Yet to Moderate,Not Submitted,Not Submitted,https://wdcpmksy.dolr.gov.in/getProjDtlAssetGeoData?projid=90&stname=ASSAM&distname=MARIGAON&projname=MARIGAON-WDC+-+1+%2F2021-22,2026-09-28T10:25:58.625468+00:00
P18296000090-40229,Livelihood Activities,Bee Keeping,LH,Yet to Moderate,Not Submitted,Not Submitted,https://wdcpmksy.dolr.gov.in/getProjDtlAssetGeoData?projid=90&stname=ASSAM&distname=MARIGAON&projname=MARIGAON-WDC+-+1+%2F2021-22,2026-09-28T10:25:58.625468+00:00
P18296000090-6862,Livelihood Activities,Duckery,LS,Yet to Moderate,Not Submitted,Not Submitted,https://wdcpmksy.dolr.gov.in/getProjDtlAssetGeoData?projid=90&stname=ASSAM&distname=MARIGAON&projname=MARIGAON-WDC+-+1+%2F2021-22,2026-09-28T10:25:58.625468+00:00
P18296000090-6863,Livelihood Activities,Duckery,LS,Yet to Moderate,Not Submitted,Not Submitted,https://wdcpmksy.dolr.gov.in/getProjDtlAssetGeoData?projid=90&stname=ASSAM&distname=MARIGAON&projname=MARIGAON-WDC+-+1+%2F2021-22,2026-09-28T10:25:58.625468+00:00
P18296000090-6864,Livelihood Activities,Duckery,LS,Accepted,Not Submitted,Not Submitted,https://wdcpmksy.dolr.gov.in/getProjDtlAssetGeoData?projid=90&stname=ASSAM&distname=MARIGAON&projname=MARIGAON-WDC+-+1+%2F2021-22,2026-09-28T10:25:58.625468+00:00
P18296000090-6865,Livelihood Activities,Duckery,LS,Accepted,Not Submitted,Not Submitted,https://wdcpmksy.dolr.gov.in/getProjDtlAssetGeoData?projid=90&stname=ASSAM&distname=MARIGAON&projname=MARIGAON-WDC+-+1+%2F2021-22,2026-09-28T10:25:58.625468+00:00
P18296000090-6866,Livelihood Activities,Piggery,LS,Yet to Moderate,Not Submitted,Not Submitted,https://wdcpmksy.dolr.gov.in/getProjDtlAssetGeoData?projid=90&stname=ASSAM&distname=MARIGAON&projname=MARIGAON-WDC+-+1+%2F2021-22,2026-09-28T10:25:58.625468+00:00
P18296000090-6867,Livelihood Activities,Piggery,LS,Accepted,Not Submitted,Not Submitted,https://wdcpmksy.dolr.gov.in/getProjDtlAssetGeoData?projid=90&stname=ASSAM&distname=MARIGAON&projname=MARIGAON-WDC+-+1+%2F2021-22,2026-09-28T10:25:58.625468+00:00
P18296000090-6868,Livelihood Activities,Piggery,LS,Yet to Moderate,Not Submitted,Not Submitted,https://wdcpmksy.dolr.gov.in/getProjDtlAssetGeoData?projid=90&stname=ASSAM&distname=MARIGAON&projname=MARIGAON-WDC+-+1+%2F2021-22,2026-09-28T10:25:58.625468+00:00
P18296000090-6869,Livelihood Activities,Piggery,LS,Yet to Moderate,Not Submitted,Not Submitted,https://wdcpmksy.dolr.gov.in/getProjDtlAssetGeoData?projid=90&stname=ASSAM&distname=MARIGAON&projname=MARIGAON-WDC+-+1+%2F2021-22,2026-09-28T10:25:58.625468+00:00
P18296000090-6870,Livelihood Activities,Piggery,LS,Yet to Moderate,Not Submitted,Not Submitted,https://wdcpmksy.dolr.gov.in/getProjDtlAssetGeoData?projid=90&stname=ASSAM&distname=MARIGAON&projname=MARIGAON-WDC+-+1+%2F2021-22,2026-09-28T10:25:58.625468+00:00
P18296000090-6871,Livelihood Activities,Piggery,LS,Yet to Moderate,Not Submitted,Not Submitted,https://wdcpmksy.dolr.gov.in/getProjDtlAssetGeoData?projid=90&stname=ASSAM&distname=MARIGAON&projname=MARIGAON-WDC+-+1+%2F2021-22,2026-09-28T10:25:58.625468+00:00
P18296000090-6872,Livelihood Activities,Piggery,LS,Rejected,Not Submitted,Not Submitted,https://wdcpmksy.dolr.gov.in/getProjDtlAssetGeoData?projid=90&stname=ASSAM&distname=MARIGAON&projname=MARIGAON-WDC+-+1+%2F2021-22,2026-09-28T10:25:58.625468+00:00
P18296000090-6873,Livelihood Activities,Piggery,LS,Accepted,Not Submitted,Not Submitted,https://wdcpmksy.dolr.gov.in/getProjDtlAssetGeoData?projid=90&stname=ASSAM&distname=MARIGAON&projname=MARIGAON-WDC+-+1+%2F2021-22,2026-09-28T10:25:58.625468+00:00
P18296000090-6874,Livelihood Activities,Piggery,LS,Accepted,Not Submitted,Not Submitted,https://wdcpmksy.dolr.gov.in/getProjDtlAssetGeoData?projid=90&stname=ASSAM&distname=MARIGAON&projname=MARIGAON-WDC+-+1+%2F2021-22,2026-09-28T10:25:58.625468+00:00
P18296000090-6875,Livelihood Activities,Piggery,LS,Accepted,Not Submitted,Not Submitted,https://wdcpmksy.dolr.gov.in/getProjDtlAssetGeoData?projid=90&stname=ASSAM&distname=MARIGAON&projname=MARIGAON-WDC+-+1+%2F2021-22,2026-09-28T10:25:58.625468+00:00
P18296000090-6876,Livelihood Activities,Piggery,LS,Accepted,Not Submitted,Not Submitted,https://wdcpmksy.dolr.gov.in/getProjDtlAssetGeoData?projid=90&stname=ASSAM&distname=MARIGAON&projname=MARIGAON-WDC+-+1+%2F2021-22,2026-09-28T10:25:58.625468+00:00
P18296000090-6877,Livelihood Activities,Piggery,LS,Yet to Moderate,Not Submitted,Not Submitted,https://wdcpmksy.dolr.gov.in/getProjDtlAssetGeoData?projid=90&stname=ASSAM&distname=MARIGAON&projname=MARIGAON-WDC+-+1+%2F2021-22,2026-09-28T10:25:58.625468+00:00
P18296000090-6878,Livelihood Activities,Piggery,LS,Accepted,Not Submitted,Not Submitted,https://wdcpmksy.dolr.gov.in/getProjDtlAssetGeoData?projid=90&stname=ASSAM&distname=MARIGAON&projname=MARIGAON-WDC+-+1+%2F2021-22,2026-09-28T10:25:58.625468+00:00
P18296000090-6879,Livelihood Activities,Piggery,LS,Accepted,Not Submitted,Not Submitted,https://wdcpmksy.dolr.gov.in/getProjDtlAssetGeoData?projid=90&stname=ASSAM&distname=MARIGAON&projname=MARIGAON-WDC+-+1+%2F2021-22,2026-09-28T10:25:58.625468+00:00
P18296000090-6880,Livelihood Activities,Piggery,LS,Accepted,Not Submitted,Not Submitted,https://wdcpmksy.dolr.gov.in/getProjDtlAssetGeoData?projid=90&stname=ASSAM&distname=MARIGAON&projname=MARIGAON-WDC+-+1+%2F2021-22,2026-09-28T10:25:58.625468+00:00
P18296000090-6881,Livelihood Activities,Piggery,LS,Yet to Moderate,Not Submitted,Not Submitted,https://wdcpmksy.dolr.gov.in/getProjDtlAssetGeoData?projid=90&stname=ASSAM&distname=MARIGAON&projname=MARIGAON-WDC+-+1+%2F2021-22,2026-09-28T10:25:58.625468+00:00
P18296000090-6882,Livelihood Activities,Piggery,LS,Yet to Moderate,Not Submitted,Not Submitted,https://wdcpmksy.dolr.gov.in/getProjDtlAssetGeoData?projid=90&stname=ASSAM&distname=MARIGAON&projname=MARIGAON-WDC+-+1+%2F2021-22,2026-09-28T10:25:58.625468+00:00
P18296000090-6883,Livelihood Activities,Piggery,LS,Yet to Moderate,Not Submitted,Not Submitted,https://wdcpmksy.dolr.gov.in/getProjDtlAssetGeoData?projid=90&stname=ASSAM&distname=MARIGAON&projname=MARIGAON-WDC+-+1+%2F2021-22,2026-09-28T10:25:58.625468+00:00
P18296000090-6884,Livelihood Activities,Piggery,LS,Yet to Moderate,Not Submitted,Not Submitted,https://wdcpmksy.dolr.gov.in/getProjDtlAssetGeoData?projid=90&stname=ASSAM&distname=MARIGAON&projname=MARIGAON-WDC+-+1+%2F2021-22,2026-09-28T10:25:58.625468+00:00
P18296000090-6885,Livelihood Activities,Piggery,LS,Yet to Moderate,Not Submitted,Not Submitted,https://wdcpmksy.dolr.gov.in/getProjDtlAssetGeoData?projid=90&stname=ASSAM&distname=MARIGAON&projname=MARIGAON-WDC+-+1+%2F2021-22,2026-09-28T10:25:58.625468+00:00
P18296000090-6886,Livelihood Activities,Piggery,LS,Yet to Moderate,Not Submitted,Not Submitted,https://wdcpmksy.dolr.gov.in/getProjDtlAssetGeoData?projid=90&stname=ASSAM&distname=MARIGAON&projname=MARIGAON-WDC+-+1+%2F2021-22,2026-09-28T10:25:58.625468+00:00
P18296000090-6887,Livelihood Activities,Piggery,LS,Accepted,Not Submitted,Not Submitted,https://wdcpmksy.dolr.gov.in/getProjDtlAssetGeoData?projid=90&stname=ASSAM&distname=MARIGAON&projname=MARIGAON-WDC+-+1+%2F2021-22,2026-09-28T10:25:58.625468+00:00
P18296000090-6888,Livelihood Activities,Weaving,LH,Yet to Moderate,Not Submitted,Not Submitted,https://wdcpmksy.dolr.gov.in/getProjDtlAssetGeoData?projid=90&stname=ASSAM&distname=MARIGAON&projname=MARIGAON-WDC+-+1+%2F2021-22,2026-09-28T10:25:58.625468+00:00
P18296000090-6889,Livelihood Activities,Weaving,LH,Yet to Moderate,Not Submitted,Not Submitted,https://wdcpmksy.dolr.gov.in/getProjDtlAssetGeoData?projid=90&stname=ASSAM&distname=MARIGAON&projname=MARIGAON-WDC+-+1+%2F2021-22,2026-09-28T10:25:58.625468+00:00
P18296000090-6890,Livelihood Activities,Weaving,LH,Yet to Moderate,Not Submitted,Not Submitted,https://wdcpmksy.dolr.gov.in/getProjDtlAssetGeoData?projid=90&stname=ASSAM&distname=MARIGAON&projname=MARIGAON-WDC+-+1+%2F2021-22,2026-09-28T10:25:58.625468+00:00
P18296000090-6891,Livelihood Activities,Weaving,LH,Yet to Moderate,Not Submitted,Not Submitted,https://wdcpmksy.dolr.gov.in/getProjDtlAssetGeoData?projid=90&stname=ASSAM&distname=MARIGAON&projname=MARIGAON-WDC+-+1+%2F2021-22,2026-09-28T10:25:58.625468+00:00
P18296000090-6892,Livelihood Activities,Weaving,LH,Accepted,Not Submitted,Not Submitted,https://wdcpmksy.dolr.gov.in/getProjDtlAssetGeoData?projid=90&stname=ASSAM&distname=MARIGAON&projname=MARIGAON-WDC+-+1+%2F2021-22,2026-09-28T10:25:58.625468+00:00
P18296000090-6894,Livelihood Activities,Weaving,LH,Yet to Moderate,Not Submitted,Not Submitted,https://wdcpmksy.dolr.gov.in/getProjDtlAssetGeoData?projid=90&stname=ASSAM&distname=MARIGAON&projname=MARIGAON-WDC+-+1+%2F2021-22,2026-09-28T10:25:58.625468+00:00
P18296000090-6895,Livelihood Activities,Farm implement,OM,Yet to Moderate,Not Submitted,Not Submitted,https://wdcpmksy.dolr.gov.in/getProjDtlAssetGeoData?projid=90&stname=ASSAM&distname=MARIGAON&projname=MARIGAON-WDC+-+1+%2F2021-22,2026-09-28T10:25:58.625468+00:00
P18296000090-6896,Livelihood Activities,Hand craft production,LH,Yet to Moderate,Not Submitted,Not Submitted,https://wdcpmksy.dolr.gov.in/getProjDtlAssetGeoData?projid=90&stname=ASSAM&distname=MARIGAON&projname=MARIGAON-WDC+-+1+%2F2021-22,2026-09-28T10:25:58.625468+00:00
P18296000090-6897,Livelihood Activities,Hand craft production,LH,Yet to Moderate,Not Submitted,Not Submitted,https://wdcpmksy.dolr.gov.in/getProjDtlAssetGeoData?projid=90&stname=ASSAM&distname=MARIGAON&projname=MARIGAON-WDC+-+1+%2F2021-22,2026-09-28T10:25:58.625468+00:00
P18296000090-6898,Livelihood Activities,Goatery,LS,Yet to Moderate,Not Submitted,Not Submitted,https://wdcpmksy.dolr.gov.in/getProjDtlAssetGeoData?projid=90&stname=ASSAM&distname=MARIGAON&projname=MARIGAON-WDC+-+1+%2F2021-22,2026-09-28T10:25:58.625468+00:00
P18296000090-6899,Livelihood Activities,Goatery,LS,Yet to Moderate,Not Submitted,Not Submitted,https://wdcpmksy.dolr.gov.in/getProjDtlAssetGeoData?projid=90&stname=ASSAM&distname=MARIGAON&projname=MARIGAON-WDC+-+1+%2F2021-22,2026-09-28T10:25:58.625468+00:00
P18296000090-6900,Livelihood Activities,Goatery,LS,Yet to Moderate,Not Submitted,Not Submitted,https://wdcpmksy.dolr.gov.in/getProjDtlAssetGeoData?projid=90&stname=ASSAM&distname=MARIGAON&projname=MARIGAON-WDC+-+1+%2F2021-22,2026-09-28T10:25:58.625468+00:00
P18296000090-6901,Livelihood Activities,Goatery,LS,Yet to Moderate,Not Submitted,Not Submitted,https://wdcpmksy.dolr.gov.in/getProjDtlAssetGeoData?projid=90&stname=ASSAM&distname=MARIGAON&projname=MARIGAON-WDC+-+1+%2F2021-22,2026-09-28T10:25:58.625468+00:00
P18296000090-6902,Livelihood Activities,Goatery,LS,Accepted,Not Submitted,Not Submitted,https://wdcpmksy.dolr.gov.in/getProjDtlAssetGeoData?projid=90&stname=ASSAM&distname=MARIGAON&projname=MARIGAON-WDC+-+1+%2F2021-22,2026-09-28T10:25:58.625468+00:00
P18296000090-6903,Livelihood Activities,Goatery,LS,Accepted,Not Submitted,Not Submitted,https://wdcpmksy.dolr.gov.in/getProjDtlAssetGeoData?projid=90&stname=ASSAM&distname=MARIGAON&projname=MARIGAON-WDC+-+1+%2F2021-22,2026-09-28T10:25:58.625468+00:00
P18296000090-6904,Livelihood Activities,Goatery,LS,Yet to Moderate,Not Submitted,Not Submitted,https://wdcpmksy.dolr.gov.in/getProjDtlAssetGeoData?projid=90&stname=ASSAM&distname=MARIGAON&projname=MARIGAON-WDC+-+1+%2F2021-22,2026-09-28T10:25:58.625468+00:00
P18296000090-6905,Livelihood Activities,Goatery,LS,Yet to Moderate,Not Submitted,Not Submitted,https://wdcpmksy.dolr.gov.in/getProjDtlAssetGeoData?projid=90&stname=ASSAM&distname=MARIGAON&projname=MARIGAON-WDC+-+1+%2F2021-22,2026-09-28T10:25:58.625468+00:00
P18296000090-6906,Livelihood Activities,Goatery,LS,Yet to Moderate,Not Submitted,Not Submitted,https://wdcpmksy.dolr.gov.in/getProjDtlAssetGeoData?projid=90&stname=ASSAM&distname=MARIGAON&projname=MARIGAON-WDC+-+1+%2F2021-22,2026-09-28T10:25:58.625468+00:00
P18296000090-6907,Livelihood Activities,Goatery,LS,Accepted,Not Submitted,Not Submitted,https://wdcpmksy.dolr.gov.in/getProjDtlAssetGeoData?projid=90&stname=ASSAM&distname=MARIGAON&projname=MARIGAON-WDC+-+1+%2F2021-22,2026-09-28T10:25:58.625468+00:00
P18296000090-6908,Livelihood Activities,Goatery,LS,Accepted,Not Submitted,Not Submitted,https://wdcpmksy.dolr.gov.in/getProjDtlAssetGeoData?projid=90&stname=ASSAM&distname=MARIGAON&projname=MARIGAON-WDC+-+1+%2F2021-22,2026-09-28T10:25:58.625468+00:00
P18296000090-6909,Livelihood Activities,Goatery,LS,Accepted,Not Submitted,Not Submitted,https://wdcpmksy.dolr.gov.in/getProjDtlAssetGeoData?projid=90&stname=ASSAM&distname=MARIGAON&projname=MARIGAON-WDC+-+1+%2F2021-22,2026-09-28T10:25:58.625468+00:00
P18296000090-6910,Livelihood Activities,Goatery,LS,Accepted,Not Submitted,Not Submitted,https://wdcpmksy.dolr.gov.in/getProjDtlAssetGeoData?projid=90&stname=ASSAM&distname=MARIGAON&projname=MARIGAON-WDC+-+1+%2F2021-22,2026-09-28T10:25:58.625468+00:00
P18296000090-6911,Livelihood Activities,Goatery,LS,Accepted,Not Submitted,Not Submitted,https://wdcpmksy.dolr.gov.in/getProjDtlAssetGeoData?projid=90&stname=ASSAM&distname=MARIGAON&projname=MARIGAON-WDC+-+1+%2F2021-22,2026-09-28T10:25:58.625468+00:00
P18296000090-6912,Livelihood Activities,Goatery,LS,Yet to Moderate,Not Submitted,Not Submitted,https://wdcpmksy.dolr.gov.in/getProjDtlAssetGeoData?projid=90&stname=ASSAM&distname=MARIGAON&projname=MARIGAON-WDC+-+1+%2F2021-22,2026-09-28T10:25:58.625468+00:00
P18296000090-6913,Livelihood Activities,Goatery,LS,Accepted,Not Submitted,Not Submitted,https://wdcpmksy.dolr.gov.in/getProjDtlAssetGeoData?projid=90&stname=ASSAM&distname=MARIGAON&projname=MARIGAON-WDC+-+1+%2F2021-22,2026-09-28T10:25:58.625468+00:00
P18296000090-6914,Livelihood Activities,Goatery,LS,Accepted,Not Submitted,Not Submitted,https://wdcpmksy.dolr.gov.in/getProjDtlAssetGeoData?projid=90&stname=ASSAM&distname=MARIGAON&projname=MARIGAON-WDC+-+1+%2F2021-22,2026-09-28T10:25:58.625468+00:00
P18296000090-6915,Livelihood Activities,Goatery,LS,Accepted,Not Submitted,Not Submitted,https://wdcpmksy.dolr.gov.in/getProjDtlAssetGeoData?projid=90&stname=ASSAM&distname=MARIGAON&projname=MARIGAON-WDC+-+1+%2F2021-22,2026-09-28T10:25:58.625468+00:00
P18296000090-6916,Livelihood Activities,Goatery,LS,Accepted,Not Submitted,Not Submitted,https://wdcpmksy.dolr.gov.in/getProjDtlAssetGeoData?projid=90&stname=ASSAM&distname=MARIGAON&projname=MARIGAON-WDC+-+1+%2F2021-22,2026-09-28T10:25:58.625468+00:00
P18296000090-6917,Livelihood Activities,Goatery,LS,Yet to Moderate,Not Submitted,Not Submitted,https://wdcpmksy.dolr.gov.in/getProjDtlAssetGeoData?projid=90&stname=ASSAM&distname=MARIGAON&projname=MARIGAON-WDC+-+1+%2F2021-22,2026-09-28T10:25:58.625468+00:00
P18296000090-6918,Livelihood Activities,Goatery,LS,Yet to Moderate,Not Submitted,Not Submitted,https://wdcpmksy.dolr.gov.in/getProjDtlAssetGeoData?projid=90&stname=ASSAM&distname=MARIGAON&projname=MARIGAON-WDC+-+1+%2F2021-22,2026-09-28T10:25:58.625468+00:00
P18296000090-6919,Livelihood Activities,Goatery,LS,Yet to Moderate,Not Submitted,Not Submitted,https://wdcpmksy.dolr.gov.in/getProjDtlAssetGeoData?projid=90&stname=ASSAM&distname=MARIGAON&projname=MARIGAON-WDC+-+1+%2F2021-22,2026-09-28T10:25:58.625468+00:00
P18296000090-6920,Livelihood Activities,Goatery,LS,Yet to Moderate,Not Submitted,Not Submitted,https://wdcpmksy.dolr.gov.in/getProjDtlAssetGeoData?projid=90&stname=ASSAM&distname=MARIGAON&projname=MARIGAON-WDC+-+1+%2F2021-22,2026-09-28T10:25:58.625468+00:00
P18296000090-6921,Livelihood Activities,Goatery,LS,Yet to Moderate,Not Submitted,Not Submitted,https://wdcpmksy.dolr.gov.in/getProjDtlAssetGeoData?projid=90&stname=ASSAM&distname=MARIGAON&projname=MARIGAON-WDC+-+1+%2F2021-22,2026-09-28T10:25:58.625468+00:00
P18296000090-92685,Livelihood Activities,Bee Keeping,LH,Yet to Moderate,Not Submitted,Not Submitted,https://wdcpmksy.dolr.gov.in/getProjDtlAssetGeoData?projid=90&stname=ASSAM&distname=MARIGAON&projname=MARIGAON-WDC+-+1+%2F2021-22,2026-09-28T10:25:58.625468+00:00
P18296000090-92686,Livelihood Activities,Bee Keeping,LH,Yet to Moderate,Not Submitted,Not Submitted,https://wdcpmksy.dolr.gov.in/getProjDtlAssetGeoData?projid=90&stname=ASSAM&distname=MARIGAON&projname=MARIGAON-WDC+-+1+%2F2021-22,2026-09-28T10:25:58.625468+00:00
P18296000090-92687,Livelihood Activities,Bee Keeping,LH,Yet to Moderate,Not Submitted,Not Submitted,https://wdcpmksy.dolr.gov.in/getProjDtlAssetGeoData?projid=90&stname=ASSAM&distname=MARIGAON&projname=MARIGAON-WDC+-+1+%2F2021-22,2026-09-28T10:25:58.625468+00:00
P18296000090-92689,Livelihood Activities,Bee Keeping,LH,Yet to Moderate,Not Submitted,Not Submitted,https://wdcpmksy.dolr.gov.in/getProjDtlAssetGeoData?projid=90&stname=ASSAM&distname=MARIGAON&projname=MARIGAON-WDC+-+1+%2F2021-22,2026-09-28T10:25:58.625468+00:00
P18296000090-92690,Livelihood Activities,Bee Keeping,LH,Yet to Moderate,Not Submitted,Not Submitted,https://wdcpmksy.dolr.gov.in/getProjDtlAssetGeoData?projid=90&stname=ASSAM&distname=MARIGAON&projname=MARIGAON-WDC+-+1+%2F2021-22,2026-09-28T10:25:58.625468+00:00
P18296000090-92691,Livelihood Activities,Bee Keeping,LH,Yet to Moderate,Not Submitted,Not Submitted,https://wdcpmksy.dolr.gov.in/getProjDtlAssetGeoData?projid=90&stname=ASSAM&distname=MARIGAON&projname=MARIGAON-WDC+-+1+%2F2021-22,2026-09-28T10:25:58.625468+00:00
P18296000090-92692,Livelihood Activities,Bee Keeping,LH,Yet to Moderate,Not Submitted,Not Submitted,https://wdcpmksy.dolr.gov.in/getProjDtlAssetGeoData?projid=90&stname=ASSAM&distname=MARIGAON&projname=MARIGAON-WDC+-+1+%2F2021-22,2026-09-28T10:25:58.625468+00:00
P18296000090-92693,Livelihood Activities,Bee Keeping,LH,Yet to Moderate,Not Submitted,Not Submitted,https://wdcpmksy.dolr.gov.in/getProjDtlAssetGeoData?projid=90&stname=ASSAM&distname=MARIGAON&projname=MARIGAON-WDC+-+1+%2F2021-22,2026-09-28T10:25:58.625468+00:00
P18296000090-92694,Livelihood Activities,Bee Keeping,LH,Yet to Moderate,Not Submitted,Not Submitted,https://wdcpmksy.dolr.gov.in/getProjDtlAssetGeoData?projid=90&stname=ASSAM&distname=MARIGAON&projname=MARIGAON-WDC+-+1+%2F2021-22,2026-09-28T10:25:58.625468+00:00
P18296000090-92695,Livelihood Activities,Bee Keeping,LH,Yet to Moderate,Not Submitted,Not Submitted,https://wdcpmksy.dolr.gov.in/getProjDtlAssetGeoData?projid=90&stname=ASSAM&distname=MARIGAON&projname=MARIGAON-WDC+-+1+%2F2021-22,2026-09-28T10:25:58.625468+00:00
P18296000090-92696,Livelihood Activities,Bee Keeping,LH,Yet to Moderate,Not Submitted,Not Submitted,https://wdcpmksy.dolr.gov.in/getProjDtlAssetGeoData?projid=90&stname=ASSAM&distname=MARIGAON&projname=MARIGAON-WDC+-+1+%2F2021-22,2026-09-28T10:25:58.625468+00:00
P18296000090-92697,Livelihood Activities,Bee Keeping,LH,Yet to Moderate,Not Submitted,Not Submitted,https://wdcpmksy.dolr.gov.in/getProjDtlAssetGeoData?projid=90&stname=ASSAM&distname=MARIGAON&projname=MARIGAON-WDC+-+1+%2F2021-22,2026-09-28T10:25:58.625468+00:00
P18296000090-92698,Livelihood Activities,Bee Keeping,LH,Accepted,Not Submitted,Not Submitted,https://wdcpmksy.dolr.gov.in/getProjDtlAssetGeoData?projid=90&stname=ASSAM&distname=MARIGAON&projname=MARIGAON-WDC+-+1+%2F2021-22,2026-09-28T10:25:58.625468+00:00
P18296000090-92699,Livelihood Activities,Bee Keeping,LH,Accepted,Not Submitted,Not Submitted,https://wdcpmksy.dolr.gov.in/getProjDtlAssetGeoData?projid=90&stname=ASSAM&distname=MARIGAON&projname=MARIGAON-WDC+-+1+%2F2021-22,2026-09-28T10:25:58.625468+00:00
P18296000090-92700,Livelihood Activities,Bee Keeping,LH,Accepted,Not Submitted,Not Submitted,https://wdcpmksy.dolr.gov.in/getProjDtlAssetGeoData?projid=90&stname=ASSAM&distname=MARIGAON&projname=MARIGAON-WDC+-+1+%2F2021-22,2026-09-28T10:25:58.625468+00:00
P18296000090-92701,Livelihood Activities,Bee Keeping,LH,Yet to Moderate,Not Submitted,Not Submitted,https://wdcpmksy.dolr.gov.in/getProjDtlAssetGeoData?projid=90&stname=ASSAM&distname=MARIGAON&projname=MARIGAON-WDC+-+1+%2F2021-22,2026-09-28T10:25:58.625468+00:00
P18296000090-92702,Livelihood Activities,Bee Keeping,LH,Yet to Moderate,Not Submitted,Not Submitted,https://wdcpmksy.dolr.gov.in/getProjDtlAssetGeoData?projid=90&stname=ASSAM&distname=MARIGAON&projname=MARIGAON-WDC+-+1+%2F2021-22,2026-09-28T10:25:58.625468+00:00
P18296000090-92703,Livelihood Activities,Bee Keeping,LH,Yet to Moderate,Not Submitted,Not Submitted,https://wdcpmksy.dolr.gov.in/getProjDtlAssetGeoData?projid=90&stname=ASSAM&distname=MARIGAON&projname=MARIGAON-WDC+-+1+%2F2021-22,2026-09-28T10:25:58.625468+00:00
P18296000090-92704,Livelihood Activities,Bee Keeping,LH,Yet to Moderate,Not Submitted,Not Submitted,https://wdcpmksy.dolr.gov.in/getProjDtlAssetGeoData?projid=90&stname=ASSAM&distname=MARIGAON&projname=MARIGAON-WDC+-+1+%2F2021-22,2026-09-28T10:25:58.625468+00:00
P18296000090-92705,Livelihood Activities,Bee Keeping,LH,Yet to Moderate,Not Submitted,Not Submitted,https://wdcpmksy.dolr.gov.in/getProjDtlAssetGeoData?projid=90&stname=ASSAM&distname=MARIGAON&projname=MARIGAON-WDC+-+1+%2F2021-22,2026-09-28T10:25:58.625468+00:00
P18296000090-92706,Livelihood Activities,Bee Keeping,LH,Accepted,Not Submitted,Not Submitted,https://wdcpmksy.dolr.gov.in/getProjDtlAssetGeoData?projid=90&stname=ASSAM&distname=MARIGAON&projname=MARIGAON-WDC+-+1+%2F2021-22,2026-09-28T10:25:58.625468+00:00
P18296000090-92707,Livelihood Activities,Bee Keeping,LH,Accepted,Not Submitted,Not Submitted,https://wdcpmksy.dolr.gov.in/getProjDtlAssetGeoData?projid=90&stname=ASSAM&distname=MARIGAON&projname=MARIGAON-WDC+-+1+%2F2021-22,2026-09-28T10:25:58.625468+00:00
P18296000090-92708,Livelihood Activities,Bee Keeping,LH,Accepted,Not Submitted,Not Submitted,https://wdcpmksy.dolr.gov.in/getProjDtlAssetGeoData?projid=90&stname=ASSAM&distname=MARIGAON&projname=MARIGAON-WDC+-+1+%2F2021-22,2026-09-28T10:25:58.625468+00:00
P18296000090-92709,Livelihood Activities,Bee Keeping,LH,Accepted,Not Submitted,Not Submitted,https://wdcpmksy.dolr.gov.in/getProjDtlAssetGeoData?projid=90&stname=ASSAM&distname=MARIGAON&projname=MARIGAON-WDC+-+1+%2F2021-22,2026-09-28T10:25:58.625468+00:00
P18296000090-92710,Livelihood Activities,Bee Keeping,LH,Accepted,Not Submitted,Not Submitted,https://wdcpmksy.dolr.gov.in/getProjDtlAssetGeoData?projid=90&stname=ASSAM&distname=MARIGAON&projname=MARIGAON-WDC+-+1+%2F2021-22,2026-09-28T10:25:58.625468+00:00
P18296000090-92711,Livelihood Activities,Bee Keeping,LH,Accepted,Not Submitted,Not Submitted,https://wdcpmksy.dolr.gov.in/getProjDtlAssetGeoData?projid=90&stname=ASSAM&distname=MARIGAON&projname=MARIGAON-WDC+-+1+%2F2021-22,2026-09-28T10:25:58.625468+00:00
P18296000090-92712,Livelihood Activities,Bee Keeping,LH,Accepted,Not Submitted,Not Submitted,https://wdcpmksy.dolr.gov.in/getProjDtlAssetGeoData?projid=90&stname=ASSAM&distname=MARIGAON&projname=MARIGAON-WDC+-+1+%2F2021-22,2026-09-28T10:25:58.625468+00:00
P18296000090-92713,Livelihood Activities,Bee Keeping,LH,Accepted,Not Submitted,Not Submitted,https://wdcpmksy.dolr.gov.in/getProjDtlAssetGeoData?projid=90&stname=ASSAM&distname=MARIGAON&projname=MARIGAON-WDC+-+1+%2F2021-22,2026-09-28T10:25:58.625468+00:00
P18296000090-92714,Livelihood Activities,Bee Keeping,LH,Accepted,Not Submitted,Not Submitted,https://wdcpmksy.dolr.gov.in/getProjDtlAssetGeoData?projid=90&stname=ASSAM&distname=MARIGAON&projname=MARIGAON-WDC+-+1+%2F2021-22,2026-09-28T10:25:58.625468+00:00
P18296000090-92715,Livelihood Activities,Bee Keeping,LH,Accepted,Not Submitted,Not Submitted,https://wdcpmksy.dolr.gov.in/getProjDtlAssetGeoData?projid=90&stname=ASSAM&distname=MARIGAON&projname=MARIGAON-WDC+-+1+%2F2021-22,2026-09-28T10:25:58.625468+00:00
P18296000090-92716,Livelihood Activities,Bee Keeping,LH,Accepted,Not Submitted,Not Submitted,https://wdcpmksy.dolr.gov.in/getProjDtlAssetGeoData?projid=90&stname=ASSAM&distname=MARIGAON&projname=MARIGAON-WDC+-+1+%2F2021-22,2026-09-28T10:25:58.625468+00:00
P18296000090-92718,Livelihood Activities,Bee Keeping,LH,Yet to Moderate,Not Submitted,Not Submitted,https://wdcpmksy.dolr.gov.in/getProjDtlAssetGeoData?projid=90&stname=ASSAM&distname=MARIGAON&projname=MARIGAON-WDC+-+1+%2F2021-22,2026-09-28T10:25:58.625468+00:00
P18296000090-193940,Production Activities,Goatery,LS,Accepted,Not Submitted,Not Submitted,https://wdcpmksy.dolr.gov.in/getProjDtlAssetGeoData?projid=90&stname=ASSAM&distname=MARIGAON&projname=MARIGAON-WDC+-+1+%2F2021-22,2026-09-28T10:25:58.625468+00:00
P18296000090-193941,Production Activities,Goatery,LS,Accepted,Not Submitted,Not Submitted,https://wdcpmksy.dolr.gov.in/getProjDtlAssetGeoData?projid=90&stname=ASSAM&distname=MARIGAON&projname=MARIGAON-WDC+-+1+%2F2021-22,2026-09-28T10:25:58.625468+00:00
P18296000090-193942,Production Activities,Goatery,LS,Accepted,Not Submitted,Not Submitted,https://wdcpmksy.dolr.gov.in/getProjDtlAssetGeoData?projid=90&stname=ASSAM&distname=MARIGAON&projname=MARIGAON-WDC+-+1+%2F2021-22,2026-09-28T10:25:58.625468+00:00
P18296000090-193943,Production Activities,Goatery,LS,Yet to Moderate,Not Submitted,Not Submitted,https://wdcpmksy.dolr.gov.in/getProjDtlAssetGeoData?projid=90&stname=ASSAM&distname=MARIGAON&projname=MARIGAON-WDC+-+1+%2F2021-22,2026-09-28T10:25:58.625468+00:00
P18296000090-193944,Production Activities,Goatery,LS,Accepted,Not Submitted,Not Submitted,https://wdcpmksy.dolr.gov.in/getProjDtlAssetGeoData?projid=90&stname=ASSAM&distname=MARIGAON&projname=MARIGAON-WDC+-+1+%2F2021-22,2026-09-28T10:25:58.625468+00:00
P18296000090-193945,Production Activities,Goatery,LS,Accepted,Not Submitted,Not Submitted,https://wdcpmksy.dolr.gov.in/getProjDtlAssetGeoData?projid=90&stname=ASSAM&distname=MARIGAON&projname=MARIGAON-WDC+-+1+%2F2021-22,2026-09-28T10:25:58.625468+00:00
P18296000090-193952,Production Activities,Piggery,LS,Accepted,Not Submitted,Not Submitted,https://wdcpmksy.dolr.gov.in/getProjDtlAssetGeoData?projid=90&stname=ASSAM&distname=MARIGAON&projname=MARIGAON-WDC+-+1+%2F2021-22,2026-09-28T10:25:58.625468+00:00
P18296000090-193953,Production Activities,Piggery,LS,Accepted,Not Submitted,Not Submitted,https://wdcpmksy.dolr.gov.in/getProjDtlAssetGeoData?projid=90&stname=ASSAM&distname=MARIGAON&projname=MARIGAON-WDC+-+1+%2F2021-22,2026-09-28T10:25:58.625468+00:00
P18296000090-193954,Production Activities,Piggery,LS,Accepted,Not Submitted,Not Submitted,https://wdcpmksy.dolr.gov.in/getProjDtlAssetGeoData?projid=90&stname=ASSAM&distname=MARIGAON&projname=MARIGAON-WDC+-+1+%2F2021-22,2026-09-28T10:25:58.625468+00:00
P18296000090-193955,Production Activities,Piggery,LS,Accepted,Not Submitted,Not Submitted,https://wdcpmksy.dolr.gov.in/getProjDtlAssetGeoData?projid=90&stname=ASSAM&distname=MARIGAON&projname=MARIGAON-WDC+-+1+%2F2021-22,2026-09-28T10:25:58.625468+00:00
P18296000090-193957,Production Activities,Dairy,LS,Accepted,Not Submitted,Not Submitted,https://wdcpmksy.dolr.gov.in/getProjDtlAssetGeoData?projid=90&stname=ASSAM&distname=MARIGAON&projname=MARIGAON-WDC+-+1+%2F2021-22,2026-09-28T10:25:58.625468+00:00
P18296000090-193958,Production Activities,Dairy,LS,Accepted,Not Submitted,Not Submitted,https://wdcpmksy.dolr.gov.in/getProjDtlAssetGeoData?projid=90&stname=ASSAM&distname=MARIGAON&projname=MARIGAON-WDC+-+1+%2F2021-22,2026-09-28T10:25:58.625468+00:00
P18296000090-195416,Production Activities,Fisheries,LH,Accepted,Not Submitted,Not Submitted,https://wdcpmksy.dolr.gov.in/getProjDtlAssetGeoData?projid=90&stname=ASSAM&distname=MARIGAON&projname=MARIGAON-WDC+-+1+%2F2021-22,2026-09-28T10:25:58.625468+00:00
P18296000090-195417,Production Activities,Fisheries,LH,Yet to Moderate,Not Submitted,Not Submitted,https://wdcpmksy.dolr.gov.in/getProjDtlAssetGeoData?projid=90&stname=ASSAM&distname=MARIGAON&projname=MARIGAON-WDC+-+1+%2F2021-22,2026-09-28T10:25:58.625468+00:00
P18296000090-195418,Production Activities,Fisheries,LH,Accepted,Not Submitted,Not Submitted,https://wdcpmksy.dolr.gov.in/getProjDtlAssetGeoData?projid=90&stname=ASSAM&distname=MARIGAON&projname=MARIGAON-WDC+-+1+%2F2021-22,2026-09-28T10:25:58.625468+00:00
P18296000090-195419,Production Activities,Fisheries,LH,Accepted,Not Submitted,Not Submitted,https://wdcpmksy.dolr.gov.in/getProjDtlAssetGeoData?projid=90&stname=ASSAM&distname=MARIGAON&projname=MARIGAON-WDC+-+1+%2F2021-22,2026-09-28T10:25:58.625468+00:00
P18296000090-195420,Production Activities,Fisheries,LH,Accepted,Not Submitted,Not Submitted,https://wdcpmksy.dolr.gov.in/getProjDtlAssetGeoData?projid=90&stname=ASSAM&distname=MARIGAON&projname=MARIGAON-WDC+-+1+%2F2021-22,2026-09-28T10:25:58.625468+00:00
P18296000090-195421,Production Activities,Fisheries,LH,Accepted,Not Submitted,Not Submitted,https://wdcpmksy.dolr.gov.in/getProjDtlAssetGeoData?projid=90&stname=ASSAM&distname=MARIGAON&projname=MARIGAON-WDC+-+1+%2F2021-22,2026-09-28T10:25:58.625468+00:00
P18296000090-196479,Production Activities,Fisheries,LH,Yet to Moderate,Not Submitted,Not Submitted,https://wdcpmksy.dolr.gov.in/getProjDtlAssetGeoData?projid=90&stname=ASSAM&distname=MARIGAON&projname=MARIGAON-WDC+-+1+%2F2021-22,2026-09-28T10:25:58.625468+00:00
P18296000090-319523,Production Activities,Piggery,LS,Yet to Moderate,Not Submitted,Not Submitted,https://wdcpmksy.dolr.gov.in/getProjDtlAssetGeoData?projid=90&stname=ASSAM&distname=MARIGAON&projname=MARIGAON-WDC+-+1+%2F2021-22,2026-09-28T10:25:58.625468+00:00
P18296000090-319524,Production Activities,Piggery,LS,Yet to Moderate,Not Submitted,Not Submitted,https://wdcpmksy.dolr.gov.in/getProjDtlAssetGeoData?projid=90&stname=ASSAM&distname=MARIGAON&projname=MARIGAON-WDC+-+1+%2F2021-22,2026-09-28T10:25:58.625468+00:00
P18296000090-319525,Production Activities,Piggery,LS,Accepted,Not Submitted,Not Submitted,https://wdcpmksy.dolr.gov.in/getProjDtlAssetGeoData?projid=90&stname=ASSAM&distname=MARIGAON&projname=MARIGAON-WDC+-+1+%2F2021-22,2026-09-28T10:25:58.625468+00:00
P18296000090-319526,Production Activities,Piggery,LS,Accepted,Not Submitted,Not Submitted,https://wdcpmksy.dolr.gov.in/getProjDtlAssetGeoData?projid=90&stname=ASSAM&distname=MARIGAON&projname=MARIGAON-WDC+-+1+%2F2021-22,2026-09-28T10:25:58.625468+00:00
P18296000090-319527,Production Activities,Piggery,LS,Accepted,Not Submitted,Not Submitted,https://wdcpmksy.dolr.gov.in/getProjDtlAssetGeoData?projid=90&stname=ASSAM&distname=MARIGAON&projname=MARIGAON-WDC+-+1+%2F2021-22,2026-09-28T10:25:58.625468+00:00
P18296000090-319528,Production Activities,Piggery,LS,Accepted,Not Submitted,Not Submitted,https://wdcpmksy.dolr.gov.in/getProjDtlAssetGeoData?projid=90&stname=ASSAM&distname=MARIGAON&projname=MARIGAON-WDC+-+1+%2F2021-22,2026-09-28T10:25:58.625468+00:00
P18296000090-319529,Production Activities,Piggery,LS,Yet to Moderate,Not Submitted,Not Submitted,https://wdcpmksy.dolr.gov.in/getProjDtlAssetGeoData?projid=90&stname=ASSAM&distname=MARIGAON&projname=MARIGAON-WDC+-+1+%2F2021-22,2026-09-28T10:25:58.625468+00:00
P18296000090-319530,Production Activities,Piggery,LS,Yet to Moderate,Not Submitted,Not Submitted,https://wdcpmksy.dolr.gov.in/getProjDtlAssetGeoData?projid=90&stname=ASSAM&distname=MARIGAON&projname=MARIGAON-WDC+-+1+%2F2021-22,2026-09-28T10:25:58.625468+00:00
P18296000090-319531,Production Activities,Piggery,LS,Yet to Moderate,Not Submitted,Not Submitted,https://wdcpmksy.dolr.gov.in/getProjDtlAssetGeoData?projid=90&stname=ASSAM&distname=MARIGAON&projname=MARIGAON-WDC+-+1+%2F2021-22,2026-09-28T10:25:58.625468+00:00
P18296000090-319532,Production Activities,Goatery,LS,Yet to Moderate,Not Submitted,Not Submitted,https://wdcpmksy.dolr.gov.in/getProjDtlAssetGeoData?projid=90&stname=ASSAM&distname=MARIGAON&projname=MARIGAON-WDC+-+1+%2F2021-22,2026-09-28T10:25:58.625468+00:00
P18296000090-319533,Production Activities,Goatery,LS,Yet to Moderate,Not Submitted,Not Submitted,https://wdcpmksy.dolr.gov.in/getProjDtlAssetGeoData?projid=90&stname=ASSAM&distname=MARIGAON&projname=MARIGAON-WDC+-+1+%2F2021-22,2026-09-28T10:25:58.625468+00:00
P18296000090-319534,Production Activities,Goatery,LS,Accepted,Not Submitted,Not Submitted,https://wdcpmksy.dolr.gov.in/getProjDtlAssetGeoData?projid=90&stname=ASSAM&distname=MARIGAON&projname=MARIGAON-WDC+-+1+%2F2021-22,2026-09-28T10:25:58.625468+00:00
P18296000090-319535,Production Activities,Goatery,LS,Accepted,Not Submitted,Not Submitted,https://wdcpmksy.dolr.gov.in/getProjDtlAssetGeoData?projid=90&stname=ASSAM&distname=MARIGAON&projname=MARIGAON-WDC+-+1+%2F2021-22,2026-09-28T10:25:58.625468+00:00
P18296000090-319536,Production Activities,Goatery,LS,Yet to Moderate,Not Submitted,Not Submitted,https://wdcpmksy.dolr.gov.in/getProjDtlAssetGeoData?projid=90&stname=ASSAM&distname=MARIGAON&projname=MARIGAON-WDC+-+1+%2F2021-22,2026-09-28T10:25:58.625468+00:00
P18296000090-319537,Production Activities,Goatery,LS,Yet to Moderate,Not Submitted,Not Submitted,https://wdcpmksy.dolr.gov.in/getProjDtlAssetGeoData?projid=90&stname=ASSAM&distname=MARIGAON&projname=MARIGAON-WDC+-+1+%2F2021-22,2026-09-28T10:25:58.625468+00:00
P18296000090-319538,Production Activities,Dairy,LS,Yet to Moderate,Not Submitted,Not Submitted,https://wdcpmksy.dolr.gov.in/getProjDtlAssetGeoData?projid=90&stname=ASSAM&distname=MARIGAON&projname=MARIGAON-WDC+-+1+%2F2021-22,2026-09-28T10:25:58.625468+00:00
P18296000090-319539,Production Activities,Dairy,LS,Accepted,Not Submitted,Not Submitted,https://wdcpmksy.dolr.gov.in/getProjDtlAssetGeoData?projid=90&stname=ASSAM&distname=MARIGAON&projname=MARIGAON-WDC+-+1+%2F2021-22,2026-09-28T10:25:58.625468+00:00
P18296000090-319540,Production Activities,Dairy,LS,Yet to Moderate,Not Submitted,Not Submitted,https://wdcpmksy.dolr.gov.in/getProjDtlAssetGeoData?projid=90&stname=ASSAM&distname=MARIGAON&projname=MARIGAON-WDC+-+1+%2F2021-22,2026-09-28T10:25:58.625468+00:00
P18296000090-319541,Production Activities,Dairy,LS,Accepted,Not Submitted,Not Submitted,https://wdcpmksy.dolr.gov.in/getProjDtlAssetGeoData?projid=90&stname=ASSAM&distname=MARIGAON&projname=MARIGAON-WDC+-+1+%2F2021-22,2026-09-28T10:25:58.625468+00:00
P18296000090-319542,Production Activities,Fisheries,LH,Yet to Moderate,Not Submitted,Not Submitted,https://wdcpmksy.dolr.gov.in/getProjDtlAssetGeoData?projid=90&stname=ASSAM&distname=MARIGAON&projname=MARIGAON-WDC+-+1+%2F2021-22,2026-09-28T10:25:58.625468+00:00
P18296000090-319543,Production Activities,Fisheries,LH,Yet to Moderate,Not Submitted,Not Submitted,https://wdcpmksy.dolr.gov.in/getProjDtlAssetGeoData?projid=90&stname=ASSAM&distname=MARIGAON&projname=MARIGAON-WDC+-+1+%2F2021-22,2026-09-28T10:25:58.625468+00:00
P18296000090-319544,Production Activities,Fisheries,LH,Yet to Moderate,Not Submitted,Not Submitted,https://wdcpmksy.dolr.gov.in/getProjDtlAssetGeoData?projid=90&stname=ASSAM&distname=MARIGAON&projname=MARIGAON-WDC+-+1+%2F2021-22,2026-09-28T10:25:58.625468+00:00
P18296000090-319545,Production Activities,Fisheries,LH,Yet to Moderate,Not Submitted,Not Submitted,https://wdcpmksy.dolr.gov.in/getProjDtlAssetGeoData?projid=90&stname=ASSAM&distname=MARIGAON&projname=MARIGAON-WDC+-+1+%2F2021-22,2026-09-28T10:25:58.625468+00:00
P18296000090-319546,Production Activities,Fisheries,LH,Yet to Moderate,Not Submitted,Not Submitted,https://wdcpmksy.dolr.gov.in/getProjDtlAssetGeoData?projid=90&stname=ASSAM&distname=MARIGAON&projname=MARIGAON-WDC+-+1+%2F2021-22,2026-09-28T10:25:58.625468+00:00
P18296000090-319547,Production Activities,Fisheries,LH,Yet to Moderate,Not Submitted,Not Submitted,https://wdcpmksy.dolr.gov.in/getProjDtlAssetGeoData?projid=90&stname=ASSAM&distname=MARIGAON&projname=MARIGAON-WDC+-+1+%2F2021-22,2026-09-28T10:25:58.625468+00:00
P18296000090-319548,Production Activities,Fisheries,LH,Yet to Moderate,Not Submitted,Not Submitted,https://wdcpmksy.dolr.gov.in/getProjDtlAssetGeoData?projid=90&stname=ASSAM&distname=MARIGAON&projname=MARIGAON-WDC+-+1+%2F2021-22,2026-09-28T10:25:58.625468+00:00
P18296000090-319549,Production Activities,Fisheries,LH,Accepted,Not Submitted,Not Submitted,https://wdcpmksy.dolr.gov.in/getProjDtlAssetGeoData?projid=90&stname=ASSAM&distname=MARIGAON&projname=MARIGAON-WDC+-+1+%2F2021-22,2026-09-28T10:25:58.625468+00:00
P18296000090-319550,Production Activities,Fisheries,LH,Yet to Moderate,Not Submitted,Not Submitted,https://wdcpmksy.dolr.gov.in/getProjDtlAssetGeoData?projid=90&stname=ASSAM&distname=MARIGAON&projname=MARIGAON-WDC+-+1+%2F2021-22,2026-09-28T10:25:58.625468+00:00
P18296000090-319551,Production Activities,Fisheries,LH,Accepted,Not Submitted,Not Submitted,https://wdcpmksy.dolr.gov.in/getProjDtlAssetGeoData?projid=90&stname=ASSAM&distname=MARIGAON&projname=MARIGAON-WDC+-+1+%2F2021-22,2026-09-28T10:25:58.625468+00:00
P18296000090-53046,Production Activities,Goatery,LS,Yet to Moderate,Not Submitted,Not Submitted,https://wdcpmksy.dolr.gov.in/getProjDtlAssetGeoData?projid=90&stname=ASSAM&distname=MARIGAON&projname=MARIGAON-WDC+-+1+%2F2021-22,2026-09-28T10:25:58.625468+00:00
P18296000090-53047,Production Activities,Goatery,LS,Yet to Moderate,Not Submitted,Not Submitted,https://wdcpmksy.dolr.gov.in/getProjDtlAssetGeoData?projid=90&stname=ASSAM&distname=MARIGAON&projname=MARIGAON-WDC+-+1+%2F2021-22,2026-09-28T10:25:58.625468+00:00
P18296000090-53048,Production Activities,Goatery,LS,Accepted,Not Submitted,Not Submitted,https://wdcpmksy.dolr.gov.in/getProjDtlAssetGeoData?projid=90&stname=ASSAM&distname=MARIGAON&projname=MARIGAON-WDC+-+1+%2F2021-22,2026-09-28T10:25:58.625468+00:00
P18296000090-53049,Production Activities,Goatery,LS,Accepted,Not Submitted,Not Submitted,https://wdcpmksy.dolr.gov.in/getProjDtlAssetGeoData?projid=90&stname=ASSAM&distname=MARIGAON&projname=MARIGAON-WDC+-+1+%2F2021-22,2026-09-28T10:25:58.625468+00:00
P18296000090-53050,Production Activities,Goatery,LS,Accepted,Not Submitted,Not Submitted,https://wdcpmksy.dolr.gov.in/getProjDtlAssetGeoData?projid=90&stname=ASSAM&distname=MARIGAON&projname=MARIGAON-WDC+-+1+%2F2021-22,2026-09-28T10:25:58.625468+00:00
P18296000090-53051,Production Activities,Handloom items,LH,Accepted,Not Submitted,Not Submitted,https://wdcpmksy.dolr.gov.in/getProjDtlAssetGeoData?projid=90&stname=ASSAM&distname=MARIGAON&projname=MARIGAON-WDC+-+1+%2F2021-22,2026-09-28T10:25:58.625468+00:00
P18296000090-53052,Production Activities,Fisheries,LH,Accepted,Not Submitted,Not Submitted,https://wdcpmksy.dolr.gov.in/getProjDtlAssetGeoData?projid=90&stname=ASSAM&distname=MARIGAON&projname=MARIGAON-WDC+-+1+%2F2021-22,2026-09-28T10:25:58.625468+00:00
P18296000090-53054,Production Activities,Duckery,LS,Accepted,Not Submitted,Not Submitted,https://wdcpmksy.dolr.gov.in/getProjDtlAssetGeoData?projid=90&stname=ASSAM&distname=MARIGAON&projname=MARIGAON-WDC+-+1+%2F2021-22,2026-09-28T10:25:58.625468+00:00
P18296000090-53056,Production Activities,Horticulture Plantation,LH,Yet to Moderate,Not Submitted,Not Submitted,https://wdcpmksy.dolr.gov.in/getProjDtlAssetGeoData?projid=90&stname=ASSAM&distname=MARIGAON&projname=MARIGAON-WDC+-+1+%2F2021-22,2026-09-28T10:25:58.625468+00:00
P18296000090-53057,Production Activities,Horticulture Plantation,LH,Yet to Moderate,Not Submitted,Not Submitted,https://wdcpmksy.dolr.gov.in/getProjDtlAssetGeoData?projid=90&stname=ASSAM&distname=MARIGAON&projname=MARIGAON-WDC+-+1+%2F2021-22,2026-09-28T10:25:58.625468+00:00
P18296000090-53059,Production Activities,Dairy,LS,Yet to Moderate,Not Submitted,Not Submitted,https://wdcpmksy.dolr.gov.in/getProjDtlAssetGeoData?projid=90&stname=ASSAM&distname=MARIGAON&projname=MARIGAON-WDC+-+1+%2F2021-22,2026-09-28T10:25:58.625468+00:00
P18296000090-53060,Production Activities,Piggery,LS,Accepted,Not Submitted,Not Submitted,https://wdcpmksy.dolr.gov.in/getProjDtlAssetGeoData?projid=90&stname=ASSAM&distname=MARIGAON&projname=MARIGAON-WDC+-+1+%2F2021-22,2026-09-28T10:25:58.625468+00:00
P18296000090-53061,Production Activities,Piggery,LS,Yet to Moderate,Not Submitted,Not Submitted,https://wdcpmksy.dolr.gov.in/getProjDtlAssetGeoData?projid=90&stname=ASSAM&distname=MARIGAON&projname=MARIGAON-WDC+-+1+%2F2021-22,2026-09-28T10:25:58.625468+00:00
P18296000090-53062,Production Activities,Piggery,LS,Yet to Moderate,Not Submitted,Not Submitted,https://wdcpmksy.dolr.gov.in/getProjDtlAssetGeoData?projid=90&stname=ASSAM&distname=MARIGAON&projname=MARIGAON-WDC+-+1+%2F2021-22,2026-09-28T10:25:58.625468+00:00
P18296000090-53063,Production Activities,Piggery,LS,Yet to Moderate,Not Submitted,Not Submitted,https://wdcpmksy.dolr.gov.in/getProjDtlAssetGeoData?projid=90&stname=ASSAM&distname=MARIGAON&projname=MARIGAON-WDC+-+1+%2F2021-22,2026-09-28T10:25:58.625468+00:00
P18296000090-112669,Area covered under Soil and Moisture conservation activities,Contour Bunding,BN,Accepted,Not Submitted,Not Submitted,https://wdcpmksy.dolr.gov.in/getProjDtlAssetGeoData?projid=90&stname=ASSAM&distname=MARIGAON&projname=MARIGAON-WDC+-+1+%2F2021-22,2026-09-28T10:25:58.625468+00:00
P18296000090-112670,Area covered under Soil and Moisture conservation activities,Contour Bunding,BN,Accepted,Not Submitted,Not Submitted,https://wdcpmksy.dolr.gov.in/getProjDtlAssetGeoData?projid=90&stname=ASSAM&distname=MARIGAON&projname=MARIGAON-WDC+-+1+%2F2021-22,2026-09-28T10:25:58.625468+00:00
P18296000090-112671,Area covered under Soil and Moisture conservation activities,Contour Bunding,BN,Accepted,Not Submitted,Not Submitted,https://wdcpmksy.dolr.gov.in/getProjDtlAssetGeoData?projid=90&stname=ASSAM&distname=MARIGAON&projname=MARIGAON-WDC+-+1+%2F2021-22,2026-09-28T10:25:58.625468+00:00
P18296000090-112672,Water Harvesting Structure (New created),Farm Ponds,PT,Accepted,Not Submitted,Accepted,https://wdcpmksy.dolr.gov.in/getProjDtlAssetGeoData?projid=90&stname=ASSAM&distname=MARIGAON&projname=MARIGAON-WDC+-+1+%2F2021-22,2026-09-28T10:25:58.625468+00:00
P18296000090-112673,Area covered under Soil and Moisture conservation activities,Contour Bunding,BN,Not Submitted,Not Submitted,Accepted,https://wdcpmksy.dolr.gov.in/getProjDtlAssetGeoData?projid=90&stname=ASSAM&distname=MARIGAON&projname=MARIGAON-WDC+-+1+%2F2021-22,2026-09-28T10:25:58.625468+00:00
P18296000090-112674,Water Harvesting Structure (Renovated),Farm Ponds,PT,Not Submitted,Not Submitted,Accepted,https://wdcpmksy.dolr.gov.in/getProjDtlAssetGeoData?projid=90&stname=ASSAM&distname=MARIGAON&projname=MARIGAON-WDC+-+1+%2F2021-22,2026-09-28T10:25:58.625468+00:00
P18296000090-1431207,NRM Completed Works,Contour Bunding,BN,Accepted,Not Submitted,Not Submitted,https://wdcpmksy.dolr.gov.in/getProjDtlAssetGeoData?projid=90&stname=ASSAM&distname=MARIGAON&projname=MARIGAON-WDC+-+1+%2F2021-22,2026-09-28T10:25:58.625468+00:00
P18296000090-1431208,NRM Completed Works,Contour Bunding,BN,Accepted,Not Submitted,Not Submitted,https://wdcpmksy.dolr.gov.in/getProjDtlAssetGeoData?projid=90&stname=ASSAM&distname=MARIGAON&projname=MARIGAON-WDC+-+1+%2F2021-22,2026-09-28T10:25:58.625468+00:00
P18296000090-1431209,NRM Completed Works,Graded Bunding,BN,Yet to Moderate,Not Submitted,Not Submitted,https://wdcpmksy.dolr.gov.in/getProjDtlAssetGeoData?projid=90&stname=ASSAM&distname=MARIGAON&projname=MARIGAON-WDC+-+1+%2F2021-22,2026-09-28T10:25:58.625468+00:00
P18296000090-1431211,NRM Completed Works,Contour Bunding,BN,Accepted,Not Submitted,Not Submitted,https://wdcpmksy.dolr.gov.in/getProjDtlAssetGeoData?projid=90&stname=ASSAM&distname=MARIGAON&projname=MARIGAON-WDC+-+1+%2F2021-22,2026-09-28T10:25:58.625468+00:00
P18296000090-1431212,NRM Completed Works,Farm Ponds,PT,Accepted,Not Submitted,Not Submitted,https://wdcpmksy.dolr.gov.in/getProjDtlAssetGeoData?projid=90&stname=ASSAM&distname=MARIGAON&projname=MARIGAON-WDC+-+1+%2F2021-22,2026-09-28T10:25:58.625468+00:00
P18296000090-1431213,NRM Completed Works,Farm Ponds,PT,Accepted,Not Submitted,Not Submitted,https://wdcpmksy.dolr.gov.in/getProjDtlAssetGeoData?projid=90&stname=ASSAM&distname=MARIGAON&projname=MARIGAON-WDC+-+1+%2F2021-22,2026-09-28T10:25:58.625468+00:00
P18296000090-1431214,NRM Completed Works,Farm Ponds,PT,Accepted,Not Submitted,Not Submitted,https://wdcpmksy.dolr.gov.in/getProjDtlAssetGeoData?projid=90&stname=ASSAM&distname=MARIGAON&projname=MARIGAON-WDC+-+1+%2F2021-22,2026-09-28T10:25:58.625468+00:00
P18296000090-1431215,NRM Completed Works,Farm Ponds,PT,Yet to Moderate,Not Submitted,Not Submitted,https://wdcpmksy.dolr.gov.in/getProjDtlAssetGeoData?projid=90&stname=ASSAM&distname=MARIGAON&projname=MARIGAON-WDC+-+1+%2F2021-22,2026-09-28T10:25:58.625468+00:00
P18296000090-1431216,NRM Completed Works,Farm Ponds,PT,Yet to Moderate,Not Submitted,Not Submitted,https://wdcpmksy.dolr.gov.in/getProjDtlAssetGeoData?projid=90&stname=ASSAM&distname=MARIGAON&projname=MARIGAON-WDC+-+1+%2F2021-22,2026-09-28T10:25:58.625468+00:00
P18296000090-1431217,NRM Completed Works,Farm Ponds,PT,Yet to Moderate,Not Submitted,Not Submitted,https://wdcpmksy.dolr.gov.in/getProjDtlAssetGeoData?projid=90&stname=ASSAM&distname=MARIGAON&projname=MARIGAON-WDC+-+1+%2F2021-22,2026-09-28T10:25:58.625468+00:00
P18296000090-2532112,Water Harvesting Structure (New created),Check dams,SM,Yet to Moderate,Not Submitted,Not Submitted,https://wdcpmksy.dolr.gov.in/getProjDtlAssetGeoData?projid=90&stname=ASSAM&distname=MARIGAON&projname=MARIGAON-WDC+-+1+%2F2021-22,2026-09-28T10:25:58.625468+00:00
P18296000090-2532115,NRM Completed Works,Irrigation/Drainage Channel,NC,Yet to Moderate,Not Submitted,Not Submitted,https://wdcpmksy.dolr.gov.in/getProjDtlAssetGeoData?projid=90&stname=ASSAM&distname=MARIGAON&projname=MARIGAON-WDC+-+1+%2F2021-22,2026-09-28T10:25:58.625468+00:00
P18296000090-2532116,NRM Completed Works,Graded Bunding,BN,Accepted,Not Submitted,Not Submitted,https://wdcpmksy.dolr.gov.in/getProjDtlAssetGeoData?projid=90&stname=ASSAM&distname=MARIGAON&projname=MARIGAON-WDC+-+1+%2F2021-22,2026-09-28T10:25:58.625468+00:00
P18296000090-2532117,NRM Completed Works,Contour Bunding,BN,Accepted,Not Submitted,Not Submitted,https://wdcpmksy.dolr.gov.in/getProjDtlAssetGeoData?projid=90&stname=ASSAM&distname=MARIGAON&projname=MARIGAON-WDC+-+1+%2F2021-22,2026-09-28T10:25:58.625468+00:00
P18296000090-25585187,Area covered under Soil and Moisture conservation activities,Contour Bunding,BN,Yet to Moderate,Not Submitted,Not Submitted,https://wdcpmksy.dolr.gov.in/getProjDtlAssetGeoData?projid=90&stname=ASSAM&distname=MARIGAON&projname=MARIGAON-WDC+-+1+%2F2021-22,2026-09-28T10:25:58.625468+00:00
P18296000090-25585188,Area covered under Soil and Moisture conservation activities,Contour Bunding,BN,Yet to Moderate,Not Submitted,Not Submitted,https://wdcpmksy.dolr.gov.in/getProjDtlAssetGeoData?projid=90&stname=ASSAM&distname=MARIGAON&projname=MARIGAON-WDC+-+1+%2F2021-22,2026-09-28T10:25:58.625468+00:00
P18296000090-25585189,Area covered under Soil and Moisture conservation activities,Contour Bunding,BN,Yet to Moderate,Not Submitted,Not Submitted,https://wdcpmksy.dolr.gov.in/getProjDtlAssetGeoData?projid=90&stname=ASSAM&distname=MARIGAON&projname=MARIGAON-WDC+-+1+%2F2021-22,2026-09-28T10:25:58.625468+00:00
P18296000090-25585190,Water Harvesting Structure (New created),Farm Ponds,PT,Yet to Moderate,Not Submitted,Not Submitted,https://wdcpmksy.dolr.gov.in/getProjDtlAssetGeoData?projid=90&stname=ASSAM&distname=MARIGAON&projname=MARIGAON-WDC+-+1+%2F2021-22,2026-09-28T10:25:58.625468+00:00
P18296000090-25585191,Water Harvesting Structure (New created),Farm Ponds,PT,Accepted,Not Submitted,Not Submitted,https://wdcpmksy.dolr.gov.in/getProjDtlAssetGeoData?projid=90&stname=ASSAM&distname=MARIGAON&projname=MARIGAON-WDC+-+1+%2F2021-22,2026-09-28T10:25:58.625468+00:00
P18296000090-25585192,Water Harvesting Structure (New created),Farm Ponds,PT,Accepted,Not Submitted,Not Submitted,https://wdcpmksy.dolr.gov.in/getProjDtlAssetGeoData?projid=90&stname=ASSAM&distname=MARIGAON&projname=MARIGAON-WDC+-+1+%2F2021-22,2026-09-28T10:25:58.625468+00:00
P18296000090-25585193,Vegetative and Engineering Structure,Others,OM,Yet to Moderate,Not Submitted,Not Submitted,https://wdcpmksy.dolr.gov.in/getProjDtlAssetGeoData?projid=90&stname=ASSAM&distname=MARIGAON&projname=MARIGAON-WDC+-+1+%2F2021-22,2026-09-28T10:25:58.625468+00:00
P18296000090-25585194,Vegetative and Engineering Structure,Others,OM,Yet to Moderate,Not Submitted,Not Submitted,https://wdcpmksy.dolr.gov.in/getProjDtlAssetGeoData?projid=90&stname=ASSAM&distname=MARIGAON&projname=MARIGAON-WDC+-+1+%2F2021-22,2026-09-28T10:25:58.625468+00:00
P18296000090-28324776,Water Harvesting Structure (New created),Farm Ponds,PT,Accepted,Not Submitted,Not Submitted,https://wdcpmksy.dolr.gov.in/getProjDtlAssetGeoData?projid=90&stname=ASSAM&distname=MARIGAON&projname=MARIGAON-WDC+-+1+%2F2021-22,2026-09-28T10:25:58.625468+00:00
P18296000090-28324778,Vegetative and Engineering Structure,Others,OM,Accepted,Accepted,Not Submitted,https://wdcpmksy.dolr.gov.in/getProjDtlAssetGeoData?projid=90&stname=ASSAM&distname=MARIGAON&projname=MARIGAON-WDC+-+1+%2F2021-22,2026-09-28T10:25:58.625468+00:00
P18296000090-28324779,Area covered under Soil and Moisture conservation activities,Contour Bunding,BN,Accepted,Not Submitted,Not Submitted,https://wdcpmksy.dolr.gov.in/getProjDtlAssetGeoData?projid=90&stname=ASSAM&distname=MARIGAON&projname=MARIGAON-WDC+-+1+%2F2021-22,2026-09-28T10:25:58.625468+00:00
P18296000090-284487,NRM Completed Works,Contour Bunding,BN,Accepted,Not Submitted,Not Submitted,https://wdcpmksy.dolr.gov.in/getProjDtlAssetGeoData?projid=90&stname=ASSAM&distname=MARIGAON&projname=MARIGAON-WDC+-+1+%2F2021-22,2026-09-28T10:25:58.625468+00:00
P18296000090-284512,NRM Completed Works,Contour Bunding,BN,Yet to Moderate,Not Submitted,Not Submitted,https://wdcpmksy.dolr.gov.in/getProjDtlAssetGeoData?projid=90&stname=ASSAM&distname=MARIGAON&projname=MARIGAON-WDC+-+1+%2F2021-22,2026-09-28T10:25:58.625468+00:00
P18296000090-284513,Water Harvesting Structure (New created),Farm Ponds,PT,Not Submitted,Not Submitted,Accepted,https://wdcpmksy.dolr.gov.in/getProjDtlAssetGeoData?projid=90&stname=ASSAM&distname=MARIGAON&projname=MARIGAON-WDC+-+1+%2F2021-22,2026-09-28T10:25:58.625468+00:00
P18296000090-284514,NRM Completed Works,Graded Bunding,BN,Accepted,Not Submitted,Not Submitted,https://wdcpmksy.dolr.gov.in/getProjDtlAssetGeoData?projid=90&stname=ASSAM&distname=MARIGAON&projname=MARIGAON-WDC+-+1+%2F2021-22,2026-09-28T10:25:58.625468+00:00
P18296000090-31334337,Water Harvesting Structure (New created),Farm Ponds,PT,Accepted,Not Submitted,Not Submitted,https://wdcpmksy.dolr.gov.in/getProjDtlAssetGeoData?projid=90&stname=ASSAM&distname=MARIGAON&projname=MARIGAON-WDC+-+1+%2F2021-22,2026-09-28T10:25:58.625468+00:00
P18296000090-31334338,Water Harvesting Structure (New created),Farm Ponds,PT,Accepted,Not Submitted,Not Submitted,https://wdcpmksy.dolr.gov.in/getProjDtlAssetGeoData?projid=90&stname=ASSAM&distname=MARIGAON&projname=MARIGAON-WDC+-+1+%2F2021-22,2026-09-28T10:25:58.625468+00:00
P18296000090-31334339,Area covered under Soil and Moisture conservation activities,Contour Bunding,BN,Accepted,Not Submitted,Not Submitted,https://wdcpmksy.dolr.gov.in/getProjDtlAssetGeoData?projid=90&stname=ASSAM&distname=MARIGAON&projname=MARIGAON-WDC+-+1+%2F2021-22,2026-09-28T10:25:58.625468+00:00
P18296000090-33824394,Water Harvesting Structure (New created),Farm Ponds,PT,Accepted,Not Submitted,Not Submitted,https://wdcpmksy.dolr.gov.in/getProjDtlAssetGeoData?projid=90&stname=ASSAM&distname=MARIGAON&projname=MARIGAON-WDC+-+1+%2F2021-22,2026-09-28T10:25:58.625468+00:00
P18296000090-3536840,Vegetative and Engineering Structure,Irrigation/Drainage Channel,NC,Yet to Moderate,Not Submitted,Not Submitted,https://wdcpmksy.dolr.gov.in/getProjDtlAssetGeoData?projid=90&stname=ASSAM&distname=MARIGAON&projname=MARIGAON-WDC+-+1+%2F2021-22,2026-09-28T10:25:58.625468+00:00
P18296000090-36098683,Area covered under Soil and Moisture conservation activities,Contour Bunding,BN,Yet to Moderate,Not Submitted,Not Submitted,https://wdcpmksy.dolr.gov.in/getProjDtlAssetGeoData?projid=90&stname=ASSAM&distname=MARIGAON&projname=MARIGAON-WDC+-+1+%2F2021-22,2026-09-28T10:25:58.625468+00:00
P18296000090-3753272,Area covered under Soil and Moisture conservation activities,Contour Bunding,BN,Accepted Rejected,Accepted,Accepted,https://wdcpmksy.dolr.gov.in/getProjDtlAssetGeoData?projid=90&stname=ASSAM&distname=MARIGAON&projname=MARIGAON-WDC+-+1+%2F2021-22,2026-09-28T10:25:58.625468+00:00
P18296000090-3753273,Area covered under Soil and Moisture conservation activities,Contour Bunding,BN,Yet to Moderate,Not Submitted,Not Submitted,https://wdcpmksy.dolr.gov.in/getProjDtlAssetGeoData?projid=90&stname=ASSAM&distname=MARIGAON&projname=MARIGAON-WDC+-+1+%2F2021-22,2026-09-28T10:25:58.625468+00:00
P18296000090-3753274,Area covered under Soil and Moisture conservation activities,Contour Bunding,BN,Yet to Moderate,Not Submitted,Not Submitted,https://wdcpmksy.dolr.gov.in/getProjDtlAssetGeoData?projid=90&stname=ASSAM&distname=MARIGAON&projname=MARIGAON-WDC+-+1+%2F2021-22,2026-09-28T10:25:58.625468+00:00
P18296000090-3753275,Water Harvesting Structure (New created),Farm Ponds,PT,Yet to Moderate,Not Submitted,Not Submitted,https://wdcpmksy.dolr.gov.in/getProjDtlAssetGeoData?projid=90&stname=ASSAM&distname=MARIGAON&projname=MARIGAON-WDC+-+1+%2F2021-22,2026-09-28T10:25:58.625468+00:00
P18296000090-3753276,Water Harvesting Structure (New created),Farm Ponds,PT,Yet to Moderate,Not Submitted,Not Submitted,https://wdcpmksy.dolr.gov.in/getProjDtlAssetGeoData?projid=90&stname=ASSAM&distname=MARIGAON&projname=MARIGAON-WDC+-+1+%2F2021-22,2026-09-28T10:25:58.625468+00:00
P18296000090-3753278,Vegetative and Engineering Structure,Irrigation/Drainage Channel,NC,Yet to Moderate,Accepted,Accepted,https://wdcpmksy.dolr.gov.in/getProjDtlAssetGeoData?projid=90&stname=ASSAM&distname=MARIGAON&projname=MARIGAON-WDC+-+1+%2F2021-22,2026-09-28T10:25:58.625468+00:00
P18296000090-3753279,Vegetative and Engineering Structure,Irrigation/Drainage Channel,NC,Accepted,Accepted,Accepted,https://wdcpmksy.dolr.gov.in/getProjDtlAssetGeoData?projid=90&stname=ASSAM&distname=MARIGAON&projname=MARIGAON-WDC+-+1+%2F2021-22,2026-09-28T10:25:58.625468+00:00
P18296000090-3753280,Water Harvesting Structure (New created),Check dams,SM,Yet to Moderate,Accepted,Accepted,https://wdcpmksy.dolr.gov.in/getProjDtlAssetGeoData?projid=90&stname=ASSAM&distname=MARIGAON&projname=MARIGAON-WDC+-+1+%2F2021-22,2026-09-28T10:25:58.625468+00:00
P18296000090-44069027,Water Harvesting Structure (New created),Farm Ponds,PT,Accepted,Yet to Moderate,Not Submitted,https://wdcpmksy.dolr.gov.in/getProjDtlAssetGeoData?projid=90&stname=ASSAM&distname=MARIGAON&projname=MARIGAON-WDC+-+1+%2F2021-22,2026-09-28T10:25:58.625468+00:00
P18296000090-531235,NRM Completed Works,Farm Ponds,PT,Accepted,Not Submitted,Not Submitted,https://wdcpmksy.dolr.gov.in/getProjDtlAssetGeoData?projid=90&stname=ASSAM&distname=MARIGAON&projname=MARIGAON-WDC+-+1+%2F2021-22,2026-09-28T10:25:58.625468+00:00
P18296000090-531236,Water Harvesting Structure (New created),Farm Ponds,PT,Not Submitted,Not Submitted,Accepted,https://wdcpmksy.dolr.gov.in/getProjDtlAssetGeoData?projid=90&stname=ASSAM&distname=MARIGAON&projname=MARIGAON-WDC+-+1+%2F2021-22,2026-09-28T10:25:58.625468+00:00
P18296000090-531237,Area covered under Soil and Moisture conservation activities,Contour Bunding,BN,Accepted,Not Submitted,Not Submitted,https://wdcpmksy.dolr.gov.in/getProjDtlAssetGeoData?projid=90&stname=ASSAM&distname=MARIGAON&projname=MARIGAON-WDC+-+1+%2F2021-22,2026-09-28T10:25:58.625468+00:00
P18296000090-531238,Area covered under Soil and Moisture conservation activities,Contour Bunding,BN,Accepted,Not Submitted,Not Submitted,https://wdcpmksy.dolr.gov.in/getProjDtlAssetGeoData?projid=90&stname=ASSAM&distname=MARIGAON&projname=MARIGAON-WDC+-+1+%2F2021-22,2026-09-28T10:25:58.625468+00:00
P18296000090-69283,Water Harvesting Structure (New created),Amrit Sarovar,PT,Not Submitted,Not Submitted,Accepted,https://wdcpmksy.dolr.gov.in/getProjDtlAssetGeoData?projid=90&stname=ASSAM&distname=MARIGAON&projname=MARIGAON-WDC+-+1+%2F2021-22,2026-09-28T10:25:58.625468+00:00
P18296000090-69284,Water Harvesting Structure (New created),Amrit Sarovar,PT,Not Submitted,Not Submitted,Accepted,https://wdcpmksy.dolr.gov.in/getProjDtlAssetGeoData?projid=90&stname=ASSAM&distname=MARIGAON&projname=MARIGAON-WDC+-+1+%2F2021-22,2026-09-28T10:25:58.625468+00:00
